customerID,gender,SeniorCitizen,tenure,PhoneService,InternetService,MonthlyCharges,TotalCharges,Churn
CUST00001,Male,1,12,No,Fiber optic,37.76,379.54,Yes
CUST00002,Female,0,45,No,DSL,42.63,2238.04,No
CUST00003,Male,0,13,Yes,DSL,37.86,407.69,No
CUST00004,Female,0,5,No,No,74.79,338.79,No
CUST00005,Female,0,35,Yes,DSL,30.43,746.96,No
CUST00006,Female,0,45,No,No,80.43,3518.41,No
CUST00007,Female,0,6,Yes,DSL,80.08,,No
CUST00008,Female,0,10,No,No,77.26,779.55,Yes
CUST00009,Female,0,9,No,DSL,69.61,604.8,No
CUST00010,Female,0,41,No,Fiber optic,26.76,1471.6,Yes
CUST00011,Female,0,30,No,DSL,23.48,755.12,No
CUST00012,Female,0,42,Yes,DSL,20.44,502.76,No
CUST00013,Female,0,29,No,Fiber optic,52.5,1625.12,No
CUST00014,Male,1,52,No,Fiber optic,92.01,5025.46,Yes
CUST00015,Female,0,43,No,DSL,69.19,3060.41,No
CUST00016,Female,0,56,No,Fiber optic,71.03,3614.68,Yes
CUST00017,Male,1,21,No,Fiber optic,87.74,1632.91,Yes
CUST00018,Male,0,6,Yes,DSL,96.61,601.45,No
CUST00019,Female,0,2,Yes,No,84.01,175.18,Yes
CUST00020,Female,1,34,No,No,83.23,2811.44,No
CUST00021,Male,1,69,No,Fiber optic,70.2,4665.38,No
CUST00022,Male,0,0,Yes,Fiber optic,90.18,,Yes
CUST00023,Male,1,33,Yes,Fiber optic,41.21,1611.39,No
CUST00024,Female,0,22,No,No,89.43,,No
CUST00025,Female,0,52,No,Fiber optic,46.83,2888.45,No
CUST00026,Male,0,71,No,DSL,30.55,1938.12,No
CUST00027,Female,0,72,No,DSL,68.8,4687.13,No
CUST00028,Female,1,2,No,Fiber optic,67.6,142.71,No
CUST00029,Male,0,9,No,DSL,84.64,836.25,Yes
CUST00030,Male,0,37,No,Fiber optic,76.92,2557.02,Yes
CUST00031,Female,0,10,No,Fiber optic,65.33,659.22,Yes
CUST00032,Female,0,2,No,Fiber optic,65.33,131.11,No
CUST00033,Female,0,49,No,Fiber optic,96.87,5045.93,No
CUST00034,Male,0,46,Yes,No,80.25,3738.77,No
CUST00035,Male,0,49,No,DSL,20.98,,No
CUST00036,Male,0,34,Yes,No,81.73,2754.19,No
CUST00037,Male,1,58,Yes,Fiber optic,95.36,5270.44,Yes
CUST00038,Female,0,48,No,DSL,34.49,1982.09,No
CUST00039,Male,0,58,Yes,DSL,42.44,2200.52,No
CUST00040,Male,0,45,Yes,DSL,96.52,4474.62,No
CUST00041,Male,1,23,No,Fiber optic,84.78,2008.75,No
CUST00042,Female,1,67,Yes,DSL,56.92,4030.9,No
CUST00043,Male,1,38,No,No,65.54,2333.96,Yes
CUST00044,Female,0,6,No,DSL,100.55,623.05,Yes
CUST00045,Male,0,42,Yes,DSL,39.33,1273.93,No
CUST00046,Female,0,27,No,DSL,99.46,2581.76,No
CUST00047,Female,0,4,No,No,86.58,316.93,No
CUST00048,Female,0,47,Yes,DSL,35.01,1897.06,No
CUST00049,Male,0,10,No,Fiber optic,109.69,1076.45,No
CUST00050,Male,0,23,Yes,Fiber optic,27.17,854.13,Yes
CUST00051,Female,0,7,Yes,DSL,104.28,731.23,Yes
CUST00052,Male,0,11,Yes,Fiber optic,92.77,977.54,No
CUST00053,Female,0,10,Yes,Fiber optic,74.18,659.2,No
CUST00054,Female,0,15,No,Fiber optic,23.26,397.37,No
CUST00055,Female,0,11,Yes,Fiber optic,94.62,954.91,No
CUST00056,Male,0,11,No,Fiber optic,105.3,1263.82,Yes
CUST00057,Male,0,3,No,Fiber optic,70.68,213.1,Yes
CUST00058,Female,0,68,Yes,Fiber optic,42.6,2794.53,No
CUST00059,Male,1,9,No,No,79.67,738.01,No
CUST00060,Female,0,7,Yes,DSL,78.58,614.64,Yes
CUST00061,Male,0,7,Yes,Fiber optic,94.33,,Yes
CUST00062,Male,0,48,No,Fiber optic,37.25,1851.01,Yes
CUST00063,Male,0,71,No,Fiber optic,82.85,6445.96,No
CUST00064,Male,0,2,No,DSL,109.13,236.04,Yes
CUST00065,Male,0,20,No,No,80.49,1781.33,No
CUST00066,Male,1,24,No,Fiber optic,86.56,,No
CUST00067,Female,0,22,No,No,30.19,637.91,No
CUST00068,Male,1,50,Yes,DSL,30.26,1304.38,Yes
CUST00069,Male,1,25,No,DSL,76.31,2125.32,Yes
CUST00070,Female,0,40,Yes,DSL,39.24,1818.7,No
CUST00071,Female,0,48,No,No,58.31,3152.54,No
CUST00072,Female,0,3,Yes,DSL,70.31,181.2,Yes
CUST00073,Male,0,6,No,Fiber optic,102.19,616.22,Yes
CUST00074,Female,0,47,Yes,DSL,30.07,1053.83,No
CUST00075,Female,0,0,No,DSL,91.99,,No
CUST00076,Female,0,17,No,DSL,30.54,452.15,No
CUST00077,Male,0,3,Yes,DSL,82.94,,Yes
CUST00078,Male,0,14,No,Fiber optic,94.32,,Yes
CUST00079,Male,1,0,Yes,No,104.99,,Yes
CUST00080,Female,0,45,Yes,Fiber optic,65.98,2828.83,No
CUST00081,Female,0,4,Yes,DSL,83.47,317.07,Yes
CUST00082,Male,0,58,No,Fiber optic,92.52,5848.84,No
CUST00083,Female,1,2,Yes,DSL,108.02,234.48,Yes
CUST00084,Male,0,33,Yes,Fiber optic,69.65,2591.23,No
CUST00085,Female,0,46,No,Fiber optic,50.86,2179.23,No
CUST00086,Male,0,10,Yes,DSL,69.29,768.45,No
CUST00087,Male,0,60,No,No,48.01,3073.7,No
CUST00088,Male,0,16,No,DSL,67.17,976.5,No
CUST00089,Male,0,3,Yes,Fiber optic,87.78,283.12,No
CUST00090,Female,0,51,Yes,DSL,93.8,4549.08,No
CUST00091,Female,0,38,No,Fiber optic,53.91,1783.39,No
CUST00092,Female,0,26,No,DSL,96.41,2267.76,No
CUST00093,Male,0,12,No,Fiber optic,57.41,783.17,No
CUST00094,Male,0,45,Yes,Fiber optic,88.21,3959.66,No
CUST00095,Female,0,18,No,DSL,83.11,1618.21,No
CUST00096,Female,0,11,No,Fiber optic,109.5,1241.4,No
CUST00097,Male,1,25,Yes,DSL,72.01,1793.54,Yes
CUST00098,Female,0,1,No,DSL,67.27,76.07,No
CUST00099,Male,0,4,No,DSL,82.25,367.39,No
CUST00100,Female,0,69,No,No,93.48,6090.41,No
CUST00101,Male,0,69,Yes,Fiber optic,50.94,3722.63,Yes
CUST00102,Male,0,23,No,DSL,23.99,661.82,No
CUST00103,Male,0,64,No,Fiber optic,75.42,5198.93,No
CUST00104,Male,0,7,Yes,Fiber optic,106.67,683.3,Yes
CUST00105,Female,0,70,Yes,DSL,53.77,3234.93,No
CUST00106,Female,0,5,No,Fiber optic,77.14,408.36,Yes
CUST00107,Female,0,10,No,No,89.55,977.83,No
CUST00108,Female,0,12,No,DSL,56.7,694.34,No
CUST00109,Female,0,68,No,Fiber optic,38.01,2145.67,No
CUST00110,Male,0,2,No,Fiber optic,62.4,106.39,No
CUST00111,Female,0,2,Yes,No,83.68,153.93,Yes
CUST00112,Male,0,2,No,No,95.15,184.04,Yes
CUST00113,Female,0,26,Yes,No,60.12,1534.1,No
CUST00114,Male,0,4,Yes,Fiber optic,86.46,352.89,No
CUST00115,Female,1,3,No,No,95.75,273.5,No
CUST00116,Male,0,18,Yes,Fiber optic,47.43,1009.67,No
CUST00117,Male,1,1,No,Fiber optic,77.54,73.02,Yes
CUST00118,Male,0,29,No,No,71.32,2169.0,No
CUST00119,Male,1,26,No,Fiber optic,23.76,794.78,Yes
CUST00120,Female,0,3,Yes,Fiber optic,75.05,218.98,No
CUST00121,Female,0,19,Yes,Fiber optic,56.68,987.77,No
CUST00122,Male,0,15,Yes,Fiber optic,96.79,1407.82,Yes
CUST00123,Female,1,8,No,DSL,107.16,925.85,No
CUST00124,Female,0,2,Yes,Fiber optic,68.29,,No
CUST00125,Female,0,52,Yes,Fiber optic,58.97,3359.98,No
CUST00126,Male,0,65,No,DSL,60.25,3652.94,No
CUST00127,Female,0,26,Yes,DSL,85.93,2297.95,No
CUST00128,Male,0,4,No,Fiber optic,69.59,274.2,Yes
CUST00129,Female,1,11,No,Fiber optic,64.32,713.32,Yes
CUST00130,Male,0,10,No,Fiber optic,74.71,695.27,Yes
CUST00131,Female,0,10,Yes,DSL,108.73,999.31,Yes
CUST00132,Female,0,9,No,Fiber optic,85.35,839.88,Yes
CUST00133,Female,0,15,No,DSL,51.47,629.11,No
CUST00134,Male,0,11,No,DSL,76.62,833.58,Yes
CUST00135,Female,0,16,No,No,93.42,1632.3,No
CUST00136,Male,0,27,No,DSL,61.03,1756.11,No
CUST00137,Female,1,6,No,DSL,93.92,547.87,Yes
CUST00138,Female,0,0,No,Fiber optic,108.97,,No
CUST00139,Female,0,37,Yes,No,38.15,1218.94,No
CUST00140,Male,0,45,No,Fiber optic,97.71,4045.39,No
CUST00141,Male,0,5,No,No,76.6,338.74,Yes
CUST00142,Female,0,11,Yes,DSL,85.64,880.05,Yes
CUST00143,Female,0,15,No,Fiber optic,67.59,990.5,No
CUST00144,Male,0,39,Yes,No,93.58,3906.96,No
CUST00145,Male,0,18,Yes,No,29.53,651.34,No
CUST00146,Male,1,35,No,Fiber optic,71.18,2174.77,Yes
CUST00147,Female,0,26,No,DSL,20.25,366.72,No
CUST00148,Female,0,54,No,DSL,40.93,2000.5,No
CUST00149,Female,0,27,Yes,Fiber optic,84.71,2528.89,No
CUST00150,Female,0,33,Yes,Fiber optic,56.39,,No
CUST00151,Male,1,62,No,No,83.66,5025.06,No
CUST00152,Male,0,1,No,Fiber optic,90.81,89.92,Yes
CUST00153,Female,1,1,No,Fiber optic,86.06,80.31,Yes
CUST00154,Female,0,41,Yes,Fiber optic,96.9,3668.58,Yes
CUST00155,Male,0,51,No,DSL,76.22,3646.38,No
CUST00156,Male,0,13,No,Fiber optic,44.52,517.71,Yes
CUST00157,Male,0,69,No,Fiber optic,70.34,4624.48,Yes
CUST00158,Female,0,32,No,DSL,44.02,1623.02,No
CUST00159,Male,0,22,No,DSL,68.76,1525.28,No
CUST00160,Male,0,7,Yes,DSL,78.33,553.51,No
CUST00161,Female,0,3,No,No,106.01,342.19,No
CUST00162,Male,0,63,Yes,Fiber optic,54.62,3357.04,No
CUST00163,Female,1,11,No,Fiber optic,81.83,955.81,Yes
CUST00164,Female,0,3,Yes,Fiber optic,73.11,191.61,No
CUST00165,Male,0,44,Yes,DSL,60.96,2757.4,No
CUST00166,Female,0,11,Yes,Fiber optic,92.1,1024.95,No
CUST00167,Male,0,2,No,DSL,92.57,198.84,Yes
CUST00168,Male,0,42,No,Fiber optic,71.17,2826.76,No
CUST00169,Female,0,40,Yes,DSL,43.01,1735.4,No
CUST00170,Male,0,4,No,DSL,70.02,314.72,No
CUST00171,Male,0,0,No,No,63.43,,No
CUST00172,Female,0,71,No,Fiber optic,62.17,4664.69,Yes
CUST00173,Male,0,9,Yes,Fiber optic,86.25,688.59,Yes
CUST00174,Female,1,46,No,Fiber optic,79.59,3706.42,Yes
CUST00175,Male,1,10,Yes,No,105.69,1015.7,No
CUST00176,Female,0,5,No,Fiber optic,103.67,542.13,Yes
CUST00177,Male,0,70,No,No,47.73,3663.51,No
CUST00178,Female,0,22,Yes,Fiber optic,76.13,1785.25,No
CUST00179,Female,0,8,No,No,106.82,804.37,No
CUST00180,Male,0,55,Yes,DSL,83.51,4932.67,No
CUST00181,Female,0,6,Yes,Fiber optic,94.05,512.84,No
CUST00182,Female,0,40,No,No,98.08,4218.24,No
CUST00183,Female,0,11,No,Fiber optic,81.42,957.48,Yes
CUST00184,Male,0,26,Yes,DSL,56.57,,No
CUST00185,Female,0,10,Yes,No,68.3,752.49,No
CUST00186,Female,0,2,No,Fiber optic,109.23,202.8,Yes
CUST00187,Female,0,2,Yes,Fiber optic,69.9,159.21,No
CUST00188,Male,1,27,No,Fiber optic,50.96,1338.42,No
CUST00189,Female,0,70,Yes,DSL,47.64,3712.41,No
CUST00190,Male,0,25,Yes,DSL,48.19,1364.15,No
CUST00191,Female,1,29,No,No,55.02,1820.76,Yes
CUST00192,Male,1,5,No,DSL,74.78,348.03,Yes
CUST00193,Male,0,5,Yes,DSL,61.8,353.67,No
CUST00194,Male,0,65,Yes,Fiber optic,42.77,3009.88,No
CUST00195,Male,0,12,No,DSL,33.37,398.65,No
CUST00196,Female,1,3,No,DSL,71.95,191.8,Yes
CUST00197,Female,0,35,No,DSL,62.55,2105.19,No
CUST00198,Female,0,11,No,Fiber optic,108.22,1136.18,Yes
CUST00199,Female,1,28,No,DSL,94.32,2434.72,No
CUST00200,Male,1,9,Yes,DSL,102.59,869.55,Yes
CUST00201,Female,0,0,No,Fiber optic,102.31,,No
CUST00202,Female,0,34,No,Fiber optic,55.07,2075.68,No
CUST00203,Female,0,48,Yes,DSL,61.95,3101.57,No
CUST00204,Male,0,4,No,No,105.09,414.99,Yes
CUST00205,Female,0,3,Yes,DSL,103.33,339.83,Yes
CUST00206,Male,0,42,Yes,DSL,91.62,4193.33,No
CUST00207,Male,0,3,Yes,Fiber optic,69.16,193.4,No
CUST00208,Female,0,5,Yes,Fiber optic,89.21,459.34,No
CUST00209,Female,0,11,No,DSL,83.34,960.33,Yes
CUST00210,Female,0,66,Yes,Fiber optic,22.52,1000.31,Yes
CUST00211,Male,1,26,No,Fiber optic,82.35,1915.27,No
CUST00212,Male,0,63,No,Fiber optic,82.25,5328.09,No
CUST00213,Male,0,0,No,Fiber optic,63.11,,No
CUST00214,Female,0,3,No,DSL,72.95,203.36,No
CUST00215,Female,0,37,No,DSL,79.32,,No
CUST00216,Male,0,9,Yes,DSL,60.51,540.31,No
CUST00217,Female,0,1,No,No,73.68,81.92,Yes
CUST00218,Female,0,26,Yes,DSL,87.46,2174.43,No
CUST00219,Male,0,8,No,DSL,91.85,778.33,Yes
CUST00220,Female,0,12,Yes,Fiber optic,90.22,1016.72,No
CUST00221,Male,0,42,Yes,Fiber optic,55.32,2566.72,No
CUST00222,Female,0,10,No,Fiber optic,65.61,,No
CUST00223,Male,0,57,Yes,No,50.12,3390.52,No
CUST00224,Male,0,19,Yes,DSL,33.64,556.69,No
CUST00225,Male,0,49,No,Fiber optic,56.5,2682.57,No
CUST00226,Female,0,25,Yes,DSL,83.56,2203.41,No
CUST00227,Male,1,12,No,DSL,85.17,,No
CUST00228,Male,0,57,No,DSL,47.93,2772.95,No
CUST00229,Male,1,21,No,Fiber optic,39.13,665.47,No
CUST00230,Male,0,4,Yes,No,61.91,281.79,No
CUST00231,Female,0,32,No,Fiber optic,31.13,820.92,No
CUST00232,Female,1,9,No,No,60.26,608.14,No
CUST00233,Female,0,24,Yes,DSL,99.97,2166.03,No
CUST00234,Male,0,57,No,Fiber optic,73.7,4248.89,No
CUST00235,Female,0,23,No,No,40.61,913.76,No
CUST00236,Male,0,1,No,No,73.41,66.78,No
CUST00237,Female,0,69,Yes,DSL,62.71,4623.99,No
CUST00238,Female,1,36,No,No,31.51,1494.18,No
CUST00239,Female,0,67,No,No,58.68,,No
CUST00240,Female,0,5,Yes,Fiber optic,65.87,311.62,Yes
CUST00241,Female,0,1,No,DSL,99.98,92.92,Yes
CUST00242,Male,0,27,No,DSL,81.44,2262.96,No
CUST00243,Female,1,44,No,DSL,92.7,3872.74,No
CUST00244,Female,0,0,Yes,DSL,97.02,,No
CUST00245,Female,0,0,Yes,Fiber optic,75.7,,Yes
CUST00246,Male,0,4,No,Fiber optic,66.59,266.13,No
CUST00247,Male,0,9,Yes,DSL,62.68,484.41,No
CUST00248,Male,0,15,No,Fiber optic,26.71,501.04,No
CUST00249,Female,0,34,Yes,No,86.21,2971.22,No
CUST00250,Female,0,28,Yes,Fiber optic,76.84,2055.99,No
CUST00251,Male,0,43,No,Fiber optic,23.43,1275.83,No
CUST00252,Female,0,43,No,Fiber optic,98.42,3811.06,Yes
CUST00253,Female,1,28,No,DSL,97.32,2967.74,No
CUST00254,Female,0,8,No,Fiber optic,101.35,887.61,Yes
CUST00255,Male,1,51,No,DSL,25.86,1052.79,Yes
CUST00256,Female,0,49,No,DSL,62.52,3481.71,No
CUST00257,Male,1,3,Yes,DSL,79.11,230.04,Yes
CUST00258,Female,0,57,Yes,No,76.43,3965.76,No
CUST00259,Male,0,0,No,No,61.82,,No
CUST00260,Male,0,58,Yes,No,60.12,3354.07,No
CUST00261,Male,0,46,Yes,Fiber optic,35.2,1651.33,No
CUST00262,Male,0,7,No,DSL,87.66,626.0,Yes
CUST00263,Male,0,51,Yes,No,26.04,1178.39,No
CUST00264,Male,0,39,Yes,Fiber optic,44.88,1539.67,No
CUST00265,Female,0,46,No,DSL,21.66,546.17,No
CUST00266,Female,1,7,Yes,DSL,90.09,692.93,Yes
CUST00267,Female,0,5,Yes,DSL,76.88,406.43,No
CUST00268,Female,0,4,No,No,61.88,276.41,No
CUST00269,Male,0,52,Yes,Fiber optic,47.48,2788.41,No
CUST00270,Female,1,12,Yes,No,91.0,1056.08,No
CUST00271,Female,1,26,No,Fiber optic,30.47,696.02,No
CUST00272,Female,0,40,Yes,DSL,46.62,1788.1,No
CUST00273,Male,1,30,No,No,86.16,,No
CUST00274,Male,0,10,No,DSL,96.59,950.83,No
CUST00275,Female,0,7,No,No,73.2,576.52,Yes
CUST00276,Female,0,48,No,No,28.9,,No
CUST00277,Female,0,21,No,Fiber optic,23.25,693.44,No
CUST00278,Male,0,22,Yes,DSL,84.77,1824.93,No
CUST00279,Male,0,44,No,Fiber optic,94.34,3893.3,No
CUST00280,Female,0,44,No,No,50.73,1835.56,No
CUST00281,Male,0,2,No,DSL,95.61,207.9,Yes
CUST00282,Male,0,54,Yes,No,60.58,,No
CUST00283,Female,0,3,Yes,No,105.72,301.81,No
CUST00284,Female,1,10,No,No,71.22,661.64,No
CUST00285,Female,1,43,Yes,No,78.42,3575.24,No
CUST00286,Male,0,41,Yes,Fiber optic,40.87,1761.55,No
CUST00287,Female,0,3,No,DSL,105.99,346.87,Yes
CUST00288,Male,1,35,No,DSL,67.43,2344.55,No
CUST00289,Male,0,32,Yes,No,58.5,1784.53,No
CUST00290,Male,0,54,No,Fiber optic,88.5,4255.25,No
CUST00291,Female,0,3,No,Fiber optic,86.83,276.17,Yes
CUST00292,Male,0,5,No,Fiber optic,75.75,410.86,Yes
CUST00293,Male,0,30,Yes,DSL,88.7,2376.42,No
CUST00294,Male,0,40,Yes,Fiber optic,55.92,2054.05,No
CUST00295,Female,0,5,Yes,Fiber optic,85.05,428.14,Yes
CUST00296,Male,0,30,Yes,No,28.99,919.83,No
CUST00297,Male,0,7,No,DSL,102.61,,Yes
CUST00298,Female,0,12,No,Fiber optic,47.86,672.15,Yes
CUST00299,Male,0,11,Yes,Fiber optic,63.37,694.25,No
CUST00300,Female,0,2,No,DSL,68.48,,No
CUST00301,Male,0,1,Yes,Fiber optic,79.97,73.58,Yes
CUST00302,Male,0,11,Yes,DSL,106.94,1216.58,Yes
CUST00303,Female,0,27,Yes,DSL,92.18,2522.98,No
CUST00304,Male,0,6,No,DSL,78.76,521.68,Yes
CUST00305,Male,0,72,No,Fiber optic,34.5,2251.78,No
CUST00306,Female,0,37,Yes,No,70.63,2896.85,No
CUST00307,Male,0,1,Yes,No,91.68,92.78,No
CUST00308,Male,0,16,No,DSL,33.36,581.5,No
CUST00309,Male,1,1,Yes,Fiber optic,66.98,69.74,Yes
CUST00310,Female,0,20,Yes,DSL,50.58,1077.88,No
CUST00311,Female,0,51,No,Fiber optic,65.5,3016.24,No
CUST00312,Male,0,5,No,DSL,65.04,328.09,No
CUST00313,Female,1,42,No,DSL,70.55,2728.4,Yes
CUST00314,Male,1,24,No,DSL,52.78,1200.24,No
CUST00315,Female,0,7,Yes,No,91.43,659.77,Yes
CUST00316,Female,1,0,No,DSL,87.89,,No
CUST00317,Female,0,38,No,Fiber optic,69.79,2334.05,Yes
CUST00318,Male,0,47,Yes,Fiber optic,92.61,4078.12,Yes
CUST00319,Female,0,35,Yes,DSL,56.27,2082.98,No
CUST00320,Male,0,24,No,No,42.11,1202.98,No
CUST00321,Female,0,35,No,No,42.65,1160.58,No
CUST00322,Male,0,39,Yes,Fiber optic,46.28,2035.32,Yes
CUST00323,Female,0,72,No,Fiber optic,20.2,910.43,Yes
CUST00324,Male,1,68,No,No,96.64,,No
CUST00325,Male,0,1,No,DSL,88.88,81.43,No
CUST00326,Female,0,44,No,No,75.9,3242.31,No
CUST00327,Male,0,6,Yes,DSL,76.85,,Yes
CUST00328,Female,1,59,Yes,Fiber optic,95.1,5676.8,Yes
CUST00329,Male,0,12,No,DSL,90.91,1137.5,No
CUST00330,Female,0,47,Yes,No,62.86,2727.14,No
CUST00331,Male,1,9,Yes,Fiber optic,61.74,582.8,Yes
CUST00332,Male,0,70,Yes,DSL,64.81,4868.93,No
CUST00333,Male,0,4,No,DSL,70.58,,Yes
CUST00334,Female,0,6,No,DSL,71.5,465.59,Yes
CUST00335,Female,1,2,No,DSL,62.02,110.7,Yes
CUST00336,Female,0,45,Yes,DSL,67.01,2919.24,No
CUST00337,Male,1,12,No,DSL,73.5,819.98,No
CUST00338,Female,0,66,Yes,DSL,45.41,,No
CUST00339,Female,0,5,Yes,No,80.62,386.54,Yes
CUST00340,Female,0,9,No,No,85.51,772.85,Yes
CUST00341,Male,0,72,Yes,Fiber optic,30.58,1537.81,No
CUST00342,Male,0,1,Yes,Fiber optic,95.16,105.07,Yes
CUST00343,Male,1,14,Yes,No,86.69,1092.4,Yes
CUST00344,Male,0,27,Yes,DSL,47.06,1089.19,No
CUST00345,Female,0,28,Yes,DSL,29.42,591.93,No
CUST00346,Female,0,69,Yes,Fiber optic,55.28,4409.87,Yes
CUST00347,Male,0,70,Yes,DSL,81.27,5036.6,No
CUST00348,Male,0,1,No,DSL,100.04,98.38,No
CUST00349,Male,1,16,Yes,Fiber optic,47.47,831.29,Yes
CUST00350,Male,0,43,Yes,No,42.4,1644.45,No
CUST00351,Female,1,43,No,Fiber optic,45.91,1712.36,No
CUST00352,Male,0,18,No,Fiber optic,58.01,1020.6,Yes
CUST00353,Female,0,9,No,Fiber optic,76.17,691.79,Yes
CUST00354,Female,0,35,No,Fiber optic,63.75,2127.2,Yes
CUST00355,Male,0,34,Yes,No,76.87,2451.16,No
CUST00356,Male,0,3,Yes,Fiber optic,100.0,273.24,No
CUST00357,Female,0,40,No,Fiber optic,34.36,1382.65,No
CUST00358,Female,0,8,Yes,DSL,87.56,674.54,No
CUST00359,Male,0,40,Yes,Fiber optic,47.24,2272.55,Yes
CUST00360,Female,1,23,No,DSL,21.62,531.71,No
CUST00361,Male,0,11,Yes,DSL,60.6,674.38,No
CUST00362,Female,1,35,No,Fiber optic,34.28,1176.6,No
CUST00363,Female,1,51,No,Fiber optic,56.72,2720.53,No
CUST00364,Male,0,34,Yes,Fiber optic,66.48,1966.8,No
CUST00365,Female,0,8,No,No,90.09,796.66,No
CUST00366,Male,0,12,No,Fiber optic,24.46,302.88,No
CUST00367,Male,1,10,Yes,DSL,102.37,1027.31,No
CUST00368,Male,0,59,Yes,DSL,44.09,2808.23,No
CUST00369,Female,0,46,Yes,Fiber optic,66.41,3356.94,No
CUST00370,Female,0,2,Yes,No,87.05,190.87,No
CUST00371,Female,0,70,Yes,Fiber optic,96.65,6072.04,Yes
CUST00372,Female,0,24,Yes,DSL,34.61,808.12,No
CUST00373,Male,0,1,No,DSL,97.97,95.97,Yes
CUST00374,Male,0,15,Yes,No,32.57,392.53,No
CUST00375,Female,0,47,Yes,DSL,80.03,3475.81,No
CUST00376,Male,0,9,Yes,Fiber optic,69.63,615.15,No
CUST00377,Female,0,0,No,Fiber optic,88.93,,No
CUST00378,Male,0,10,Yes,DSL,77.49,707.65,Yes
CUST00379,Female,0,47,No,No,49.7,2435.24,No
CUST00380,Female,0,54,Yes,No,24.73,1754.78,No
CUST00381,Male,0,5,No,DSL,82.66,425.27,Yes
CUST00382,Male,0,10,Yes,No,99.12,936.48,No
CUST00383,Male,0,13,Yes,DSL,24.55,329.03,No
CUST00384,Female,0,17,No,Fiber optic,60.27,1044.42,No
CUST00385,Male,0,25,No,DSL,24.06,627.11,No
CUST00386,Male,0,41,No,Fiber optic,35.81,,Yes
CUST00387,Female,0,1,No,Fiber optic,95.63,102.35,No
CUST00388,Female,0,0,Yes,Fiber optic,96.04,,No
CUST00389,Male,0,50,No,Fiber optic,81.67,3848.1,No
CUST00390,Male,0,28,No,DSL,27.86,628.06,No
CUST00391,Male,0,6,Yes,DSL,101.59,568.93,Yes
CUST00392,Male,0,8,No,DSL,83.13,666.98,Yes
CUST00393,Male,1,34,Yes,DSL,38.23,1398.72,No
CUST00394,Male,0,53,Yes,DSL,76.47,3812.18,No
CUST00395,Male,0,38,No,No,76.98,2717.69,No
CUST00396,Female,1,5,No,Fiber optic,109.39,498.52,No
CUST00397,Female,1,2,No,DSL,106.5,194.06,Yes
CUST00398,Male,0,14,No,Fiber optic,97.75,1274.63,No
CUST00399,Female,0,6,No,DSL,90.42,551.78,Yes
CUST00400,Female,0,14,Yes,No,61.26,720.75,No
CUST00401,Female,0,1,Yes,Fiber optic,87.54,82.0,No
CUST00402,Male,0,2,Yes,Fiber optic,95.68,204.53,No
CUST00403,Male,0,2,Yes,DSL,105.18,222.33,Yes
CUST00404,Female,0,19,Yes,No,71.5,1535.16,No
CUST00405,Male,0,7,No,DSL,88.47,620.76,No
CUST00406,Female,0,65,No,Fiber optic,29.46,2478.51,No
CUST00407,Male,0,72,No,No,21.56,1061.11,No
CUST00408,Male,1,1,Yes,DSL,62.78,68.86,No
CUST00409,Male,0,29,No,Fiber optic,95.68,2953.17,Yes
CUST00410,Male,1,22,No,DSL,24.88,519.99,Yes
CUST00411,Female,0,7,No,Fiber optic,95.1,674.9,No
CUST00412,Male,1,41,Yes,No,62.36,2306.28,No
CUST00413,Male,1,66,No,No,38.29,2880.55,No
CUST00414,Male,0,16,Yes,DSL,40.01,670.37,No
CUST00415,Female,0,12,Yes,Fiber optic,21.07,153.88,Yes
CUST00416,Male,0,27,No,DSL,55.56,1414.22,No
CUST00417,Male,0,7,No,Fiber optic,83.41,518.53,No
CUST00418,Female,0,24,Yes,DSL,33.1,807.07,No
CUST00419,Female,0,54,No,Fiber optic,30.28,1965.47,No
CUST00420,Female,0,19,No,Fiber optic,73.16,1453.37,No
CUST00421,Male,0,12,No,No,45.48,600.6,No
CUST00422,Female,0,17,No,Fiber optic,40.67,701.55,No
CUST00423,Female,0,17,Yes,DSL,86.77,1365.98,No
CUST00424,Female,0,41,Yes,Fiber optic,55.16,2522.71,No
CUST00425,Male,1,18,Yes,No,82.15,1504.53,Yes
CUST00426,Female,0,53,No,No,26.91,1276.98,No
CUST00427,Male,1,35,Yes,No,52.21,1659.53,No
CUST00428,Female,0,31,Yes,DSL,51.8,,No
CUST00429,Male,1,26,No,Fiber optic,58.32,1439.56,Yes
CUST00430,Male,0,10,No,DSL,75.74,661.89,No
CUST00431,Female,0,8,No,No,89.53,736.75,Yes
CUST00432,Female,0,32,No,Fiber optic,23.83,1031.16,No
CUST00433,Female,0,11,No,Fiber optic,79.95,811.67,Yes
CUST00434,Male,0,35,No,DSL,91.36,2941.72,No
CUST00435,Male,0,62,Yes,Fiber optic,22.46,967.87,No
CUST00436,Female,0,52,Yes,Fiber optic,47.27,2840.06,No
CUST00437,Male,0,18,Yes,Fiber optic,51.69,1019.55,No
CUST00438,Male,0,14,Yes,Fiber optic,88.78,1367.1,No
CUST00439,Female,0,45,No,Fiber optic,98.8,4082.74,Yes
CUST00440,Male,0,20,Yes,Fiber optic,98.97,2054.41,No
CUST00441,Female,0,0,Yes,DSL,88.64,,No
CUST00442,Male,0,5,Yes,DSL,65.04,374.96,No
CUST00443,Female,0,12,No,DSL,27.32,302.16,No
CUST00444,Female,0,2,No,Fiber optic,104.8,224.24,No
CUST00445,Male,1,4,No,DSL,81.51,298.51,No
CUST00446,Female,0,27,Yes,Fiber optic,40.31,1195.44,Yes
CUST00447,Female,0,10,No,DSL,64.13,685.55,No
CUST00448,Male,0,61,Yes,DSL,42.56,3074.68,No
CUST00449,Male,0,6,Yes,Fiber optic,63.44,339.54,No
CUST00450,Female,0,58,No,DSL,72.21,3759.14,No
CUST00451,Female,1,16,No,Fiber optic,34.67,453.14,No
CUST00452,Male,0,37,No,DSL,83.15,3099.22,No
CUST00453,Female,0,33,Yes,DSL,63.66,1895.01,No
CUST00454,Female,1,66,No,DSL,75.88,4489.25,Yes
CUST00455,Female,0,67,No,No,55.91,3502.86,No
CUST00456,Female,0,55,No,DSL,91.1,4749.91,No
CUST00457,Male,0,32,No,Fiber optic,83.63,2402.73,No
CUST00458,Male,0,56,Yes,Fiber optic,84.94,4906.94,No
CUST00459,Male,0,17,No,Fiber optic,45.32,671.03,No
CUST00460,Female,1,45,No,DSL,65.58,2693.48,No
CUST00461,Male,1,8,No,DSL,75.1,555.94,Yes
CUST00462,Male,0,31,No,DSL,35.98,1074.58,No
CUST00463,Male,1,17,No,Fiber optic,77.17,1426.64,Yes
CUST00464,Female,1,16,No,DSL,60.62,1063.71,Yes
CUST00465,Male,0,70,No,DSL,87.21,5878.36,No
CUST00466,Male,1,57,Yes,Fiber optic,45.28,,No
CUST00467,Male,0,9,No,No,81.53,657.02,No
CUST00468,Male,0,22,Yes,Fiber optic,39.61,767.82,No
CUST00469,Male,0,37,No,No,74.18,3091.38,No
CUST00470,Female,0,28,Yes,No,80.82,2133.76,No
CUST00471,Male,0,8,No,Fiber optic,61.65,448.2,No
CUST00472,Female,0,68,No,DSL,21.89,1300.78,No
CUST00473,Female,0,36,No,Fiber optic,60.0,,Yes
CUST00474,Female,0,3,Yes,No,82.41,268.23,No
CUST00475,Female,1,54,No,Fiber optic,46.72,2982.08,No
CUST00476,Female,0,6,Yes,DSL,94.96,528.02,No
CUST00477,Female,0,9,No,DSL,73.07,730.56,Yes
CUST00478,Female,0,64,Yes,Fiber optic,48.52,2720.05,Yes
CUST00479,Female,1,53,No,No,43.66,1903.07,No
CUST00480,Male,1,0,Yes,DSL,108.14,,Yes
CUST00481,Male,0,54,No,Fiber optic,34.06,2157.79,No
CUST00482,Female,0,65,Yes,Fiber optic,85.11,5013.2,No
CUST00483,Female,0,47,Yes,Fiber optic,30.86,1025.03,No
CUST00484,Male,1,68,No,No,79.7,4947.34,No
CUST00485,Female,1,6,Yes,DSL,92.91,564.0,No
CUST00486,Female,0,20,Yes,DSL,39.28,672.96,No
CUST00487,Female,0,55,No,Fiber optic,99.95,5331.35,No
CUST00488,Male,0,15,Yes,DSL,44.57,718.58,No
CUST00489,Male,0,62,No,DSL,38.38,2013.23,No
CUST00490,Male,0,1,Yes,DSL,60.42,58.75,No
CUST00491,Female,0,48,Yes,No,75.49,3682.16,No
CUST00492,Male,0,6,Yes,Fiber optic,77.04,455.36,Yes
CUST00493,Male,0,69,Yes,DSL,46.86,3834.19,No
CUST00494,Male,1,51,No,Fiber optic,34.81,1315.0,No
CUST00495,Female,0,31,Yes,DSL,35.65,807.62,No
CUST00496,Male,0,38,Yes,Fiber optic,49.97,2242.11,No
CUST00497,Female,1,9,Yes,Fiber optic,103.74,979.49,Yes
CUST00498,Male,0,2,Yes,DSL,108.2,214.68,Yes
CUST00499,Male,0,5,No,No,92.99,470.8,No
CUST00500,Female,0,3,Yes,Fiber optic,66.53,224.11,Yes
CUST00501,Male,0,8,No,No,63.39,516.08,No
CUST00502,Female,0,65,Yes,DSL,35.64,2188.42,No
CUST00503,Female,0,63,No,DSL,69.41,4064.32,No
CUST00504,Female,0,67,Yes,DSL,22.31,1751.45,No
CUST00505,Male,1,35,Yes,Fiber optic,31.11,1410.15,No
CUST00506,Male,0,33,Yes,Fiber optic,42.08,1411.48,Yes
CUST00507,Male,0,16,No,DSL,33.68,669.22,No
CUST00508,Female,1,49,Yes,DSL,34.57,2109.12,No
CUST00509,Male,0,55,Yes,Fiber optic,69.4,3540.12,No
CUST00510,Female,0,24,Yes,Fiber optic,76.12,1792.43,No
CUST00511,Female,0,3,No,Fiber optic,102.11,307.6,No
CUST00512,Male,0,8,No,Fiber optic,65.78,515.16,Yes
CUST00513,Male,0,12,No,Fiber optic,24.36,379.75,No
CUST00514,Female,0,9,No,No,105.18,964.75,No
CUST00515,Female,1,62,Yes,DSL,69.19,4400.5,No
CUST00516,Male,0,26,No,Fiber optic,41.0,1153.22,No
CUST00517,Female,1,69,Yes,No,34.57,2740.92,No
CUST00518,Male,0,1,No,DSL,71.61,72.66,No
CUST00519,Female,0,19,No,Fiber optic,39.05,642.95,No
CUST00520,Female,0,6,No,No,105.62,656.6,Yes
CUST00521,Male,0,48,No,Fiber optic,82.85,3789.69,Yes
CUST00522,Male,0,9,Yes,DSL,105.1,991.4,Yes
CUST00523,Female,0,41,No,Fiber optic,36.62,,No
CUST00524,Male,0,7,Yes,DSL,70.14,431.76,Yes
CUST00525,Female,1,33,No,DSL,67.73,2523.28,No
CUST00526,Female,1,4,Yes,No,64.38,280.52,No
CUST00527,Male,0,66,No,Fiber optic,50.18,3436.29,No
CUST00528,Female,0,62,Yes,Fiber optic,57.71,3346.26,No
CUST00529,Female,1,10,Yes,Fiber optic,70.62,717.89,No
CUST00530,Male,0,11,Yes,DSL,75.89,851.87,Yes
CUST00531,Female,0,2,No,Fiber optic,90.91,187.92,Yes
CUST00532,Female,0,44,No,Fiber optic,97.46,3964.29,No
CUST00533,Male,0,51,Yes,No,56.74,3225.67,No
CUST00534,Male,0,4,No,Fiber optic,96.21,377.55,Yes
CUST00535,Male,0,0,No,No,68.87,,No
CUST00536,Male,1,33,Yes,No,79.23,2698.2,No
CUST00537,Male,0,34,Yes,DSL,68.71,2255.51,No
CUST00538,Female,0,35,No,No,49.49,1592.11,No
CUST00539,Female,0,38,No,DSL,64.46,,No
CUST00540,Female,0,63,No,DSL,78.73,5004.08,No
CUST00541,Female,0,5,Yes,No,106.28,561.36,Yes
CUST00542,Male,0,15,Yes,Fiber optic,49.66,628.51,No
CUST00543,Female,0,5,Yes,DSL,100.59,472.08,Yes
CUST00544,Male,0,3,Yes,DSL,104.09,328.04,Yes
CUST00545,Female,1,52,No,No,38.2,2016.72,Yes
CUST00546,Female,0,27,Yes,DSL,85.61,2470.45,No
CUST00547,Male,0,71,No,No,23.67,2231.54,No
CUST00548,Male,0,24,No,Fiber optic,95.08,2274.06,No
CUST00549,Male,0,3,Yes,No,84.43,249.71,Yes
CUST00550,Female,0,1,No,No,79.28,85.66,Yes
CUST00551,Female,0,29,Yes,Fiber optic,34.18,947.49,Yes
CUST00552,Male,0,4,Yes,DSL,93.37,381.4,No
CUST00553,Male,0,0,No,DSL,89.36,,No
CUST00554,Female,0,1,Yes,DSL,104.45,110.49,No
CUST00555,Female,0,44,No,Fiber optic,89.96,4342.74,No
CUST00556,Male,0,8,No,DSL,75.07,638.14,No
CUST00557,Female,0,4,No,No,65.47,246.84,No
CUST00558,Female,1,14,Yes,No,38.81,406.87,Yes
CUST00559,Male,0,0,No,Fiber optic,63.52,,No
CUST00560,Female,0,1,No,DSL,60.14,62.55,No
CUST00561,Male,1,5,Yes,DSL,99.47,477.5,No
CUST00562,Female,1,8,No,DSL,65.05,496.18,No
CUST00563,Male,0,8,Yes,DSL,81.89,712.54,No
CUST00564,Female,0,8,Yes,No,99.69,851.28,No
CUST00565,Female,0,37,Yes,Fiber optic,31.88,1368.25,No
CUST00566,Female,0,5,Yes,Fiber optic,93.02,479.03,Yes
CUST00567,Male,0,63,Yes,DSL,23.35,1366.57,No
CUST00568,Female,0,14,Yes,Fiber optic,51.38,772.29,Yes
CUST00569,Female,0,0,No,DSL,82.2,,No
CUST00570,Male,0,11,No,DSL,76.55,788.37,Yes
CUST00571,Female,0,17,Yes,DSL,58.41,1159.96,No
CUST00572,Female,0,3,No,Fiber optic,88.97,290.08,No
CUST00573,Female,0,33,Yes,No,57.2,1778.65,No
CUST00574,Male,0,66,Yes,Fiber optic,32.06,2708.43,Yes
CUST00575,Female,0,48,Yes,Fiber optic,90.96,4113.97,Yes
CUST00576,Female,0,34,Yes,DSL,44.26,1290.67,No
CUST00577,Male,0,8,Yes,Fiber optic,79.79,603.15,Yes
CUST00578,Male,0,10,No,Fiber optic,72.94,,Yes
CUST00579,Male,0,42,Yes,Fiber optic,63.0,2372.01,No
CUST00580,Female,0,2,No,Fiber optic,68.48,,No
CUST00581,Female,1,15,No,Fiber optic,35.83,410.32,Yes
CUST00582,Female,0,30,Yes,Fiber optic,98.0,2835.47,Yes
CUST00583,Female,0,12,Yes,No,48.04,461.62,No
CUST00584,Male,0,8,No,Fiber optic,65.06,443.85,Yes
CUST00585,Female,0,11,Yes,DSL,90.46,935.56,Yes
CUST00586,Male,0,20,No,DSL,84.56,1498.57,No
CUST00587,Female,0,8,No,No,103.73,827.99,Yes
CUST00588,Female,0,18,Yes,DSL,94.63,,No
CUST00589,Male,0,0,No,Fiber optic,90.61,,Yes
CUST00590,Male,0,12,Yes,DSL,79.67,914.33,No
CUST00591,Female,0,4,Yes,Fiber optic,91.86,367.15,Yes
CUST00592,Male,1,22,Yes,DSL,71.97,1736.76,No
CUST00593,Female,0,61,No,DSL,78.38,4741.23,No
CUST00594,Female,0,12,Yes,No,63.78,792.06,No
CUST00595,Female,0,44,No,DSL,93.17,4086.8,No
CUST00596,Male,0,6,Yes,Fiber optic,100.57,633.08,No
CUST00597,Female,0,4,Yes,DSL,99.02,432.05,No
CUST00598,Male,0,13,Yes,Fiber optic,51.43,660.79,Yes
CUST00599,Male,0,38,No,Fiber optic,33.07,1537.29,No
CUST00600,Female,0,12,Yes,DSL,35.41,419.35,No
CUST00601,Male,0,1,Yes,DSL,78.68,71.87,No
CUST00602,Female,0,8,Yes,Fiber optic,68.49,487.63,Yes
CUST00603,Female,1,24,Yes,Fiber optic,24.75,434.51,Yes
CUST00604,Male,0,12,No,No,36.53,433.56,No
CUST00605,Female,0,11,No,Fiber optic,81.91,820.59,No
CUST00606,Male,0,64,Yes,Fiber optic,47.39,2747.18,Yes
CUST00607,Male,0,24,Yes,Fiber optic,36.46,772.76,Yes
CUST00608,Male,1,9,No,DSL,66.15,587.19,Yes
CUST00609,Male,0,48,Yes,Fiber optic,80.51,3851.53,No
CUST00610,Male,0,45,No,No,31.86,1418.5,No
CUST00611,Male,1,5,No,DSL,88.09,447.56,No
CUST00612,Male,0,41,Yes,Fiber optic,28.29,1474.24,No
CUST00613,Female,0,62,Yes,No,20.81,1455.72,No
CUST00614,Female,0,45,Yes,Fiber optic,36.53,1665.26,No
CUST00615,Female,0,60,No,DSL,99.35,5524.56,No
CUST00616,Female,0,15,No,No,72.0,,No
CUST00617,Male,0,36,No,DSL,73.1,2631.5,No
CUST00618,Female,0,8,No,Fiber optic,89.46,768.09,Yes
CUST00619,Male,1,9,No,Fiber optic,103.6,869.6,Yes
CUST00620,Female,1,26,No,DSL,95.15,2419.24,No
CUST00621,Female,0,1,Yes,Fiber optic,92.82,93.63,Yes
CUST00622,Male,0,14,No,Fiber optic,58.78,848.07,No
CUST00623,Male,0,61,Yes,Fiber optic,31.9,2414.66,No
CUST00624,Male,0,6,No,DSL,71.26,440.61,Yes
CUST00625,Female,0,28,Yes,Fiber optic,33.29,1164.62,Yes
CUST00626,Male,0,4,No,DSL,107.86,401.65,Yes
CUST00627,Male,0,72,Yes,Fiber optic,46.1,3425.58,No
CUST00628,Female,0,0,No,Fiber optic,99.82,,Yes
CUST00629,Male,0,9,Yes,Fiber optic,69.17,641.27,No
CUST00630,Male,0,5,No,No,62.86,346.92,No
CUST00631,Female,0,1,Yes,Fiber optic,97.36,90.27,Yes
CUST00632,Female,0,50,Yes,Fiber optic,37.63,1569.05,Yes
CUST00633,Male,0,71,No,No,36.01,2447.32,No
CUST00634,Male,0,29,No,DSL,49.42,1297.42,No
CUST00635,Female,0,22,Yes,Fiber optic,20.21,626.54,No
CUST00636,Male,0,31,Yes,No,45.54,1329.19,No
CUST00637,Female,0,60,No,DSL,47.78,2889.52,No
CUST00638,Female,1,21,Yes,DSL,77.06,1815.49,No
CUST00639,Female,0,8,Yes,No,73.95,664.54,Yes
CUST00640,Female,0,36,Yes,No,24.08,1138.04,No
CUST00641,Male,0,33,No,No,33.1,895.51,No
CUST00642,Male,0,16,Yes,Fiber optic,34.61,625.63,Yes
CUST00643,Female,1,9,Yes,Fiber optic,76.47,769.44,No
CUST00644,Female,0,7,Yes,DSL,92.79,621.74,Yes
CUST00645,Male,0,8,Yes,Fiber optic,96.95,761.37,Yes
CUST00646,Male,0,9,No,DSL,108.85,1017.08,Yes
CUST00647,Female,0,70,No,DSL,23.27,961.57,No
CUST00648,Male,0,37,No,Fiber optic,82.96,2986.41,No
CUST00649,Male,0,8,No,No,105.31,798.3,No
CUST00650,Male,0,31,No,Fiber optic,64.02,1942.12,Yes
CUST00651,Male,0,12,No,DSL,99.68,1201.43,No
CUST00652,Male,0,5,No,DSL,83.3,440.49,No
CUST00653,Male,0,58,Yes,DSL,56.54,2734.74,No
CUST00654,Female,0,38,Yes,Fiber optic,45.35,1627.78,No
CUST00655,Male,0,36,No,Fiber optic,35.44,1589.26,No
CUST00656,Female,1,3,No,Fiber optic,72.32,207.94,Yes
CUST00657,Female,0,25,No,DSL,31.25,743.96,No
CUST00658,Female,0,4,No,Fiber optic,78.9,288.57,No
CUST00659,Female,0,0,Yes,No,77.39,,Yes
CUST00660,Male,0,6,Yes,No,69.25,417.57,No
CUST00661,Male,0,51,No,DSL,80.39,4601.82,No
CUST00662,Male,0,37,No,DSL,84.59,3015.61,No
CUST00663,Male,0,10,No,DSL,68.13,672.34,No
CUST00664,Female,0,4,Yes,DSL,86.2,359.08,No
CUST00665,Female,1,42,Yes,Fiber optic,25.19,1224.86,Yes
CUST00666,Male,0,47,No,DSL,52.42,2455.62,No
CUST00667,Male,0,24,Yes,No,58.19,1273.25,No
CUST00668,Female,0,56,Yes,DSL,91.65,5331.41,No
CUST00669,Female,0,12,No,DSL,73.07,,No
CUST00670,Female,0,58,Yes,Fiber optic,72.69,4405.71,No
CUST00671,Female,0,57,No,DSL,52.67,3542.07,No
CUST00672,Male,1,44,No,Fiber optic,86.01,4189.27,No
CUST00673,Female,1,67,Yes,Fiber optic,55.97,4378.68,No
CUST00674,Female,0,38,Yes,No,94.82,3311.44,No
CUST00675,Female,0,3,No,Fiber optic,96.04,285.18,Yes
CUST00676,Male,0,8,Yes,DSL,76.68,630.3,Yes
CUST00677,Male,0,1,Yes,Fiber optic,68.6,59.65,No
CUST00678,Female,0,66,Yes,DSL,34.62,1924.1,No
CUST00679,Female,1,6,Yes,No,88.33,580.9,No
CUST00680,Female,0,14,Yes,Fiber optic,84.0,1271.91,No
CUST00681,Female,0,6,Yes,DSL,94.28,617.88,Yes
CUST00682,Female,0,57,No,Fiber optic,62.22,3142.21,Yes
CUST00683,Female,0,0,Yes,Fiber optic,105.13,,Yes
CUST00684,Female,0,15,No,No,76.9,1273.63,No
CUST00685,Male,0,11,No,Fiber optic,99.73,987.31,Yes
CUST00686,Female,0,6,Yes,No,69.03,456.41,No
CUST00687,Female,0,4,Yes,DSL,107.59,448.88,Yes
CUST00688,Male,1,72,Yes,DSL,47.26,3785.12,No
CUST00689,Male,0,5,No,No,67.67,352.23,No
CUST00690,Female,0,4,No,Fiber optic,84.16,333.28,Yes
CUST00691,Female,0,21,No,Fiber optic,36.97,596.0,No
CUST00692,Male,0,29,Yes,DSL,70.16,2056.71,No
CUST00693,Female,0,59,No,Fiber optic,88.87,4721.88,Yes
CUST00694,Female,0,0,Yes,No,68.4,,No
CUST00695,Male,0,44,Yes,No,68.16,2648.24,No
CUST00696,Female,0,49,No,DSL,56.24,2464.77,No
CUST00697,Female,0,0,No,Fiber optic,101.44,,Yes
CUST00698,Female,0,35,Yes,Fiber optic,55.86,1630.22,No
CUST00699,Female,0,60,No,DSL,94.35,5132.36,No
CUST00700,Male,1,20,Yes,DSL,41.08,710.11,No
CUST00701,Female,1,64,Yes,Fiber optic,52.08,,No
CUST00702,Male,0,23,No,DSL,61.98,1198.45,No
CUST00703,Female,0,26,Yes,Fiber optic,41.56,909.16,No
CUST00704,Male,1,6,Yes,Fiber optic,68.97,,Yes
CUST00705,Female,1,6,Yes,DSL,105.77,584.84,Yes
CUST00706,Female,0,27,No,Fiber optic,59.66,1738.04,Yes
CUST00707,Male,1,26,Yes,Fiber optic,95.5,2485.87,No
CUST00708,Female,0,31,No,DSL,98.53,2768.73,No
CUST00709,Male,1,50,Yes,DSL,23.26,1587.37,No
CUST00710,Female,0,9,Yes,No,103.4,993.14,No
CUST00711,Female,0,55,No,DSL,23.05,888.53,No
CUST00712,Male,0,41,Yes,Fiber optic,36.62,1488.32,No
CUST00713,Female,0,5,Yes,No,95.6,438.47,No
CUST00714,Male,0,48,No,DSL,29.19,1338.11,No
CUST00715,Male,0,43,Yes,DSL,58.61,2876.9,No
CUST00716,Female,0,3,Yes,Fiber optic,89.53,278.48,No
CUST00717,Male,0,2,No,DSL,75.52,132.21,No
CUST00718,Female,0,52,No,Fiber optic,28.18,1265.35,No
CUST00719,Female,0,61,Yes,Fiber optic,75.01,4264.7,No
CUST00720,Male,0,43,Yes,DSL,69.99,3186.31,No
CUST00721,Male,0,50,Yes,DSL,37.23,1368.1,No
CUST00722,Male,0,11,No,DSL,109.46,1107.14,Yes
CUST00723,Female,0,47,No,No,78.36,3503.23,No
CUST00724,Female,0,63,No,DSL,54.09,3733.46,No
CUST00725,Female,0,41,No,No,95.72,3814.26,No
CUST00726,Female,0,35,No,Fiber optic,35.0,942.43,No
CUST00727,Female,0,15,Yes,Fiber optic,40.88,715.1,No
CUST00728,Male,0,49,Yes,DSL,39.64,1619.21,No
CUST00729,Female,0,58,No,DSL,66.47,4202.97,No
CUST00730,Male,0,63,Yes,Fiber optic,26.56,1668.88,No
CUST00731,Male,1,4,No,Fiber optic,107.14,409.91,No
CUST00732,Male,0,31,No,DSL,85.82,2801.01,No
CUST00733,Female,0,48,No,DSL,92.57,4232.18,No
CUST00734,Male,0,9,Yes,No,96.05,882.55,No
CUST00735,Female,0,40,No,Fiber optic,91.41,3379.68,Yes
CUST00736,Male,0,63,Yes,No,86.1,5466.32,No
CUST00737,Female,0,1,No,Fiber optic,98.42,,Yes
CUST00738,Male,0,4,No,No,70.79,289.72,Yes
CUST00739,Male,0,4,Yes,No,90.27,339.77,Yes
CUST00740,Female,0,4,Yes,DSL,106.63,431.21,Yes
CUST00741,Male,1,69,Yes,DSL,90.86,6893.78,No
CUST00742,Female,1,3,No,DSL,67.39,189.61,Yes
CUST00743,Female,0,0,No,Fiber optic,91.97,,Yes
CUST00744,Male,0,1,No,DSL,100.26,103.76,No
CUST00745,Male,0,6,Yes,Fiber optic,97.13,602.27,No
CUST00746,Male,0,6,No,DSL,71.92,451.16,Yes
CUST00747,Female,0,24,No,DSL,59.48,1634.14,No
CUST00748,Female,0,12,Yes,DSL,96.17,1260.97,No
CUST00749,Male,1,11,No,No,86.34,871.98,No
CUST00750,Male,0,0,No,Fiber optic,108.32,,Yes
CUST00751,Male,0,10,No,No,67.27,765.14,No
CUST00752,Male,0,8,No,Fiber optic,96.64,832.5,No
CUST00753,Male,0,39,No,Fiber optic,38.63,1333.72,No
CUST00754,Female,0,49,No,DSL,26.92,1514.92,No
CUST00755,Female,1,2,Yes,No,101.96,222.7,Yes
CUST00756,Male,0,10,No,DSL,84.15,818.67,Yes
CUST00757,Female,1,2,No,Fiber optic,106.77,227.8,Yes
CUST00758,Female,0,27,No,No,31.91,791.87,No
CUST00759,Male,0,24,Yes,Fiber optic,29.02,926.6,No
CUST00760,Female,0,44,Yes,DSL,99.14,4499.7,No
CUST00761,Female,0,27,No,Fiber optic,37.35,1113.54,Yes
CUST00762,Male,0,43,No,Fiber optic,28.51,1498.03,No
CUST00763,Male,0,3,No,DSL,90.52,257.24,Yes
CUST00764,Female,0,4,No,DSL,104.73,396.47,No
CUST00765,Female,0,26,Yes,Fiber optic,86.89,2420.91,No
CUST00766,Male,0,3,Yes,Fiber optic,103.27,283.88,Yes
CUST00767,Male,0,17,No,No,61.37,1057.64,No
CUST00768,Male,0,21,No,Fiber optic,94.63,2177.76,No
CUST00769,Female,0,1,No,DSL,108.08,117.37,Yes
CUST00770,Female,1,42,No,No,81.76,3750.52,No
CUST00771,Female,0,4,Yes,DSL,102.1,384.09,Yes
CUST00772,Male,1,18,Yes,Fiber optic,83.54,1535.76,No
CUST00773,Female,0,62,No,Fiber optic,51.43,3509.33,Yes
CUST00774,Female,1,66,No,DSL,24.57,1659.29,No
CUST00775,Female,0,1,No,DSL,72.55,67.04,Yes
CUST00776,Male,0,71,Yes,DSL,49.49,3528.83,No
CUST00777,Female,0,12,Yes,Fiber optic,32.97,314.34,No
CUST00778,Male,0,25,No,Fiber optic,92.45,2556.28,No
CUST00779,Female,1,12,Yes,DSL,25.55,249.83,No
CUST00780,Male,1,13,No,Fiber optic,92.97,1135.74,Yes
CUST00781,Female,0,53,Yes,DSL,42.56,1849.17,No
CUST00782,Female,0,28,No,DSL,74.22,1927.02,No
CUST00783,Male,0,11,No,No,60.36,631.16,No
CUST00784,Male,1,40,Yes,DSL,71.6,2548.21,No
CUST00785,Female,1,49,No,No,91.4,4799.4,Yes
CUST00786,Male,0,13,Yes,Fiber optic,66.55,994.19,No
CUST00787,Male,0,17,Yes,No,46.5,681.8,No
CUST00788,Male,0,8,No,DSL,73.71,604.73,Yes
CUST00789,Female,0,45,No,DSL,23.9,678.7,No
CUST00790,Female,0,17,Yes,Fiber optic,88.78,1501.39,No
CUST00791,Male,0,3,Yes,DSL,65.49,199.71,No
CUST00792,Male,1,9,No,Fiber optic,97.99,861.79,No
CUST00793,Female,1,7,No,DSL,105.81,674.1,Yes
CUST00794,Male,0,2,No,DSL,92.55,178.11,No
CUST00795,Female,0,65,No,Fiber optic,81.23,,No
CUST00796,Female,1,37,Yes,DSL,61.73,2394.86,No
CUST00797,Male,0,2,Yes,DSL,97.25,213.92,Yes
CUST00798,Female,1,36,Yes,DSL,51.45,1916.68,No
CUST00799,Female,0,25,No,No,21.08,412.55,No
CUST00800,Female,0,7,No,DSL,65.17,478.9,No
CUST00801,Female,0,30,No,Fiber optic,99.17,3017.64,Yes
CUST00802,Female,0,21,Yes,Fiber optic,86.91,2010.73,No
CUST00803,Male,0,26,No,No,38.25,1204.12,No
CUST00804,Male,0,8,No,Fiber optic,60.06,447.01,No
CUST00805,Male,0,8,No,DSL,106.95,783.31,No
CUST00806,Male,0,38,Yes,No,94.97,3512.93,No
CUST00807,Male,0,70,Yes,Fiber optic,34.01,2687.38,No
CUST00808,Male,0,34,No,DSL,95.11,3061.94,No
CUST00809,Female,0,20,No,DSL,30.73,505.34,No
CUST00810,Female,0,7,Yes,Fiber optic,71.66,530.73,No
CUST00811,Female,1,22,No,DSL,54.76,1243.64,No
CUST00812,Male,0,7,No,No,101.88,712.28,No
CUST00813,Male,1,4,No,Fiber optic,64.35,257.24,No
CUST00814,Female,0,13,Yes,No,97.15,1368.26,No
CUST00815,Male,1,38,No,Fiber optic,84.01,2920.43,Yes
CUST00816,Male,0,67,Yes,No,94.88,5724.68,No
CUST00817,Female,0,68,No,No,78.74,5541.51,No
CUST00818,Male,0,63,No,DSL,93.51,5621.74,No
CUST00819,Male,1,26,Yes,Fiber optic,62.09,1738.13,No
CUST00820,Male,0,68,No,No,77.4,5779.12,No
CUST00821,Male,0,2,No,Fiber optic,69.21,145.78,No
CUST00822,Female,1,33,Yes,DSL,55.87,2094.15,No
CUST00823,Female,0,48,Yes,DSL,94.44,4511.12,No
CUST00824,Female,0,22,Yes,DSL,90.92,2081.7,No
CUST00825,Male,0,71,No,No,37.81,3210.63,No
CUST00826,Female,0,68,No,Fiber optic,84.83,,No
CUST00827,Female,0,67,Yes,Fiber optic,67.21,4797.53,Yes
CUST00828,Male,0,0,No,Fiber optic,103.56,,Yes
CUST00829,Male,0,3,No,DSL,65.71,216.0,No
CUST00830,Male,0,67,Yes,No,44.35,2947.98,No
CUST00831,Male,0,3,No,Fiber optic,76.83,202.49,No
CUST00832,Female,0,36,No,Fiber optic,66.39,2232.03,Yes
CUST00833,Male,0,56,Yes,Fiber optic,86.42,4857.56,No
CUST00834,Female,0,15,No,Fiber optic,87.28,1380.24,Yes
CUST00835,Female,0,8,No,DSL,60.54,420.12,No
CUST00836,Male,0,2,No,No,109.06,213.33,Yes
CUST00837,Female,0,3,Yes,No,83.21,279.12,Yes
CUST00838,Female,0,61,Yes,Fiber optic,94.65,5620.83,Yes
CUST00839,Female,0,15,No,DSL,43.68,798.25,No
CUST00840,Male,0,6,Yes,DSL,108.43,649.48,Yes
CUST00841,Male,0,12,No,DSL,44.08,445.76,No
CUST00842,Female,0,24,No,Fiber optic,86.23,2007.55,Yes
CUST00843,Female,0,64,No,DSL,52.1,3389.41,No
CUST00844,Female,0,68,Yes,DSL,71.03,4159.21,No
CUST00845,Female,0,63,Yes,No,41.31,2174.72,No
CUST00846,Male,0,46,Yes,No,82.25,3928.58,No
CUST00847,Female,0,9,No,No,87.17,769.14,Yes
CUST00848,Female,0,6,No,Fiber optic,103.06,668.4,Yes
CUST00849,Male,1,0,Yes,Fiber optic,86.78,,No
CUST00850,Female,0,44,No,No,20.96,1181.65,No
CUST00851,Male,0,53,Yes,Fiber optic,81.04,4214.94,No
CUST00852,Female,1,64,Yes,DSL,45.6,2340.64,Yes
CUST00853,Male,1,29,No,Fiber optic,82.97,2128.69,Yes
CUST00854,Male,0,52,No,No,73.76,4044.25,No
CUST00855,Female,0,17,No,Fiber optic,65.71,1223.94,No
CUST00856,Male,0,33,No,Fiber optic,83.65,2646.84,Yes
CUST00857,Male,0,9,No,Fiber optic,88.31,780.72,Yes
CUST00858,Female,0,12,Yes,No,52.3,,No
CUST00859,Male,0,12,No,Fiber optic,59.59,706.22,No
CUST00860,Female,0,51,Yes,No,36.52,1741.8,No
CUST00861,Male,0,4,No,DSL,95.01,409.26,No
CUST00862,Male,0,1,No,Fiber optic,83.29,77.78,No
CUST00863,Male,0,67,No,DSL,37.97,2137.26,No
CUST00864,Female,0,12,No,No,37.06,494.84,No
CUST00865,Male,0,23,No,DSL,90.46,2058.76,No
CUST00866,Male,0,53,No,Fiber optic,98.05,4719.74,Yes
CUST00867,Male,0,12,No,No,28.83,382.72,No
CUST00868,Female,0,10,Yes,DSL,89.02,,Yes
CUST00869,Female,0,45,Yes,DSL,48.77,2280.78,No
CUST00870,Male,0,12,No,Fiber optic,70.28,740.2,Yes
CUST00871,Female,1,66,No,No,78.19,4809.89,No
CUST00872,Male,1,49,Yes,DSL,36.11,2128.31,No
CUST00873,Male,0,59,No,Fiber optic,42.59,2890.42,No
CUST00874,Male,1,40,No,DSL,23.35,567.92,No
CUST00875,Female,0,65,Yes,Fiber optic,34.39,1870.03,Yes
CUST00876,Male,0,60,No,Fiber optic,88.47,5870.51,No
CUST00877,Male,0,52,No,DSL,86.21,4386.83,No
CUST00878,Female,1,6,Yes,Fiber optic,96.32,601.06,Yes
CUST00879,Male,0,61,No,No,56.48,3083.02,No
CUST00880,Female,1,52,Yes,DSL,28.48,1699.14,Yes
CUST00881,Female,0,7,No,DSL,89.3,582.33,Yes
CUST00882,Female,0,37,Yes,Fiber optic,86.58,3410.5,Yes
CUST00883,Female,0,6,Yes,DSL,72.27,480.33,Yes
CUST00884,Female,0,61,No,Fiber optic,28.78,1502.32,Yes
CUST00885,Female,0,10,Yes,DSL,107.25,1140.18,Yes
CUST00886,Female,0,21,No,Fiber optic,86.29,1949.92,No
CUST00887,Female,0,16,No,DSL,83.1,1285.43,No
CUST00888,Female,0,68,Yes,Fiber optic,41.42,2340.92,No
CUST00889,Female,0,61,Yes,Fiber optic,50.36,2769.34,No
CUST00890,Male,0,27,No,Fiber optic,80.15,1959.18,No
CUST00891,Female,0,8,Yes,No,70.11,560.22,Yes
CUST00892,Female,0,12,Yes,DSL,88.76,1086.51,No
CUST00893,Female,1,57,Yes,DSL,61.41,3862.68,No
CUST00894,Male,0,10,Yes,DSL,68.67,749.17,No
CUST00895,Female,0,33,Yes,No,85.67,3015.91,No
CUST00896,Male,0,60,Yes,DSL,98.85,6346.67,No
CUST00897,Female,0,7,No,Fiber optic,100.91,764.21,No
CUST00898,Female,1,9,Yes,Fiber optic,84.86,777.62,No
CUST00899,Male,1,9,No,Fiber optic,76.81,756.04,Yes
CUST00900,Male,1,50,No,DSL,75.45,3497.03,No
CUST00901,Male,0,8,Yes,DSL,86.31,733.35,No
CUST00902,Male,0,12,No,No,54.37,604.9,No
CUST00903,Male,0,10,Yes,DSL,75.02,780.3,Yes
CUST00904,Male,1,2,No,Fiber optic,98.09,,Yes
CUST00905,Male,0,57,No,Fiber optic,45.31,3068.41,Yes
CUST00906,Male,1,24,No,DSL,91.31,2334.24,No
CUST00907,Male,0,1,No,DSL,75.47,82.51,No
CUST00908,Male,0,8,Yes,Fiber optic,65.34,,No
CUST00909,Male,0,11,Yes,DSL,81.51,904.2,Yes
CUST00910,Male,0,0,Yes,Fiber optic,69.4,,Yes
CUST00911,Female,1,9,No,Fiber optic,90.96,841.79,Yes
CUST00912,Female,0,72,No,Fiber optic,70.9,5586.17,No
CUST00913,Male,0,62,No,Fiber optic,51.78,3223.57,No
CUST00914,Female,0,17,No,Fiber optic,84.71,1367.25,No
CUST00915,Male,0,59,Yes,No,83.09,4575.48,No
CUST00916,Female,1,1,Yes,No,60.08,52.27,No
CUST00917,Male,0,6,Yes,No,70.32,458.05,No
CUST00918,Female,1,2,Yes,DSL,84.97,158.43,Yes
CUST00919,Female,1,4,No,No,80.12,,Yes
CUST00920,Male,0,19,Yes,DSL,64.31,1134.05,No
CUST00921,Female,1,7,No,DSL,98.12,694.47,Yes
CUST00922,Female,0,15,No,Fiber optic,54.28,779.84,Yes
CUST00923,Female,0,10,Yes,No,69.29,704.59,No
CUST00924,Male,0,56,Yes,No,59.23,2875.33,No
CUST00925,Female,0,2,No,Fiber optic,82.36,174.63,Yes
CUST00926,Female,0,25,No,DSL,94.06,2105.36,No
CUST00927,Female,0,12,No,Fiber optic,88.67,1033.15,No
CUST00928,Male,1,70,No,DSL,65.3,4919.26,No
CUST00929,Male,1,8,Yes,No,78.67,577.19,Yes
CUST00930,Female,0,43,No,DSL,31.3,978.51,No
CUST00931,Male,0,21,No,No,57.72,1214.71,No
CUST00932,Female,0,24,Yes,Fiber optic,95.53,2135.78,No
CUST00933,Male,1,3,No,Fiber optic,70.41,213.78,Yes
CUST00934,Female,0,20,No,No,84.51,,No
CUST00935,Male,0,53,No,Fiber optic,35.8,2114.5,Yes
CUST00936,Female,0,17,Yes,Fiber optic,88.52,1657.6,No
CUST00937,Female,0,57,No,Fiber optic,82.11,4607.33,No
CUST00938,Male,1,1,Yes,No,77.12,76.55,No
CUST00939,Male,0,5,No,DSL,88.87,443.85,Yes
CUST00940,Male,0,43,Yes,DSL,24.21,1248.31,No
CUST00941,Male,0,10,No,DSL,98.78,931.8,No
CUST00942,Female,0,66,Yes,No,70.83,,No
CUST00943,Male,0,0,Yes,Fiber optic,99.03,,Yes
CUST00944,Male,0,36,No,DSL,65.28,2336.41,No
CUST00945,Female,0,55,No,DSL,92.66,4575.49,No
CUST00946,Female,1,11,Yes,No,98.09,1127.07,No
CUST00947,Female,0,47,Yes,Fiber optic,89.94,4033.8,No
CUST00948,Male,0,0,Yes,Fiber optic,97.22,,Yes
CUST00949,Female,0,72,No,DSL,30.89,1871.95,No
CUST00950,Female,1,4,Yes,Fiber optic,66.47,305.22,No
CUST00951,Female,0,63,No,Fiber optic,34.66,2670.48,No
CUST00952,Male,1,10,No,Fiber optic,73.32,820.52,Yes
CUST00953,Female,0,72,No,Fiber optic,57.12,3656.74,No
CUST00954,Female,0,8,Yes,DSL,87.86,720.28,Yes
CUST00955,Male,0,18,Yes,Fiber optic,85.0,1693.66,No
CUST00956,Female,0,5,No,DSL,94.68,451.06,Yes
CUST00957,Male,0,21,No,DSL,42.57,1038.23,No
CUST00958,Male,0,62,No,Fiber optic,50.73,3763.93,No
CUST00959,Male,0,39,Yes,No,97.37,3604.79,No
CUST00960,Male,0,59,Yes,No,50.81,2655.79,No
CUST00961,Male,0,11,Yes,Fiber optic,74.34,914.8,Yes
CUST00962,Male,0,35,No,Fiber optic,21.02,,No
CUST00963,Female,0,33,Yes,DSL,47.31,1887.38,No
CUST00964,Female,0,71,Yes,DSL,94.36,6899.75,No
CUST00965,Male,0,60,Yes,DSL,91.94,5895.88,No
CUST00966,Male,0,0,Yes,Fiber optic,82.86,,No
CUST00967,Female,1,48,Yes,Fiber optic,30.09,1206.46,Yes
CUST00968,Male,0,0,No,DSL,98.16,,Yes
CUST00969,Male,0,11,Yes,DSL,100.33,1014.64,Yes
CUST00970,Female,0,69,No,Fiber optic,77.45,5075.27,No
CUST00971,Female,0,45,Yes,No,24.46,1536.96,No
CUST00972,Male,0,5,Yes,DSL,100.6,552.11,No
CUST00973,Female,0,56,No,No,40.77,1994.5,No
CUST00974,Male,0,51,Yes,No,49.99,2514.06,No
CUST00975,Male,0,58,Yes,DSL,79.05,4939.88,No
CUST00976,Male,0,1,No,Fiber optic,104.66,113.32,Yes
CUST00977,Female,0,22,No,No,98.75,2336.38,No
CUST00978,Male,0,8,Yes,Fiber optic,83.1,,No
CUST00979,Male,0,36,Yes,DSL,97.08,3316.58,No
CUST00980,Female,1,1,Yes,Fiber optic,61.56,63.96,No
CUST00981,Male,0,5,No,DSL,91.95,429.55,Yes
CUST00982,Male,1,4,No,DSL,72.31,328.7,No
CUST00983,Male,0,4,Yes,Fiber optic,80.32,292.29,Yes
CUST00984,Female,0,27,No,DSL,58.4,1501.3,No
CUST00985,Male,0,66,Yes,Fiber optic,43.5,2764.04,Yes
CUST00986,Male,0,8,No,Fiber optic,74.5,563.21,Yes
CUST00987,Male,0,12,Yes,DSL,66.11,725.29,No
CUST00988,Female,0,10,No,Fiber optic,66.07,564.2,Yes
CUST00989,Female,0,72,Yes,Fiber optic,64.01,4610.4,No
CUST00990,Female,0,61,Yes,Fiber optic,54.6,3315.99,No
CUST00991,Male,0,49,Yes,DSL,32.99,1837.31,No
CUST00992,Male,1,1,Yes,No,76.83,78.48,No
CUST00993,Male,0,29,No,DSL,21.21,710.24,No
CUST00994,Female,0,7,Yes,Fiber optic,100.94,770.72,Yes
CUST00995,Female,0,7,Yes,No,69.61,505.39,No
CUST00996,Female,0,45,No,DSL,37.47,1424.19,No
CUST00997,Female,0,57,No,DSL,85.94,4832.77,No
CUST00998,Male,0,70,No,No,37.25,3187.1,No
CUST00999,Male,1,41,No,Fiber optic,40.54,1834.18,No
CUST01000,Male,0,8,No,Fiber optic,102.93,870.71,Yes
